{
  "scenario": "F",
  "desc": "High-dim sparse interactions with linear parts in beta, pure interactions in nl",
  "p": 50,
  "sigma": 0.1,
  "b0": 0.0,
  "beta_nonzero": {
    "0": -2.0,
    "1": 2.0,
    "3": 3.0,
    "4": -1.0
  },
  "nl": [
    [
      "main_int_tanh_prod",
      0,
      1,
      3,
      0.0,
      -2.0,
      1.0
    ],
    [
      "main_int_arctan_diff",
      1,
      3,
      4,
      0.0,
      1.2732395447351628,
      1.0
    ],
    [
      "main_int_tanh_x_plus_sin",
      3,
      1,
      4,
      0.0,
      3.0,
      1.0
    ],
    [
      "main_int_tanh_prod",
      4,
      0,
      3,
      0.0,
      -1.0,
      0.5
    ]
  ],
  "true_support": [
    0,
    1,
    3,
    4
  ],
  "n_full": 10000,
  "sizes": {
    "test_big": 5000,
    "pool": 5000
  },
  "task": "classification",
  "class_dist_full": [
    5302,
    4698
  ],
  "nl_edges": [],
  "beta_linearization": [
    -2.000240561446871,
    1.915235850173167,
    0.0473448783275814,
    3.060449396549967,
    -1.044801323299702,
    -0.01292187401383492,
    0.006248926483803305,
    -0.02537295393840466,
    -0.03707872767682649,
    0.014093735116434549,
    -0.012927201138849698,
    -0.023453855861159025,
    -0.033508324496967154,
    0.01865082663997683,
    0.014511898781395829,
    0.06669436499962707,
    0.025051752011594982,
    0.027630715484420552,
    0.03461966896680489,
    -0.017937289224355186,
    0.016549769292188907,
    0.048570005744536696,
    0.0013743619186321325,
    0.010049130788376236,
    0.002893268921703008,
    -0.05588608775969195,
    0.018892006901694056,
    -0.018470418159483522,
    0.02423528901189863,
    0.009038816098597888,
    -0.09690912498382358,
    0.03682801817747767,
    0.0008915919120124735,
    0.029258909535659662,
    -0.03490266171092326,
    -0.01721795707669738,
    -0.00022634509503245012,
    0.0016374305278024893,
    -0.05301309703024357,
    0.03709467842785237,
    4.4479339840883535e-05,
    -0.011841335782765985,
    -0.00436977307627502,
    0.0045947351058915785,
    -0.0008928986660679148,
    0.0009468457556753139,
    -0.02714840499697864,
    0.027681074141244696,
    -0.03231558434467687,
    -0.02850708998722551
  ]
}